Test,Status,TopsRaw,OpCountRaw,TopsEff,OpCountEff,SimCycles,SimTimeSec,SimCycles/sec,TotTimeSec,Description
0-116conv_tanh_wave,PASS,0.0005422770652239986,17842,0.0011015135858002555,36242,32902,3.9001569999999997,8436.070650489199,24.092151403427124,Resnet-like network with 116 Conv2D and Relu layer pairs
0-11conv_tanh_wave,PASS,0.0005142763373810305,1567,0.0010393829996718084,3167,3047,0.33089700000000005,9208.303490209943,15.052168130874634,Two Conv2D layers back to back
0-1avgpool_wave_h17c768m768k3d1_same,PASS,0.019030390536758528,3420275,0.02346385907515287,4217089,179727,0.34182100000000004,525792.7394747543,23.072623014450073,A unit test
0-1avgpool_wave_h1c192m192k1d1_same,PASS,0.0007435567010309279,577,0.0007435567010309279,577,776,0.016350999999999997,47458.87101706318,14.040369272232056,A unit test
0-1avgpool_wave_h1c192m192k1d1_valid,PASS,0.0007435567010309279,577,0.0007435567010309279,577,776,0.023621,32852.123110791246,13.034636974334717,A unit test
0-1avgpool_wave_h35c192m192k3d1_same,PASS,0.019918533443565995,4023484,0.02212310578869983,4468801,201997,0.34536100000000003,584886.539012801,23.069949626922607,A unit test
0-1avgpool_wave_h35c256m256k3d1_same,PASS,0.02024600619685779,5364645,0.02248682318575855,5958401,264973,0.381608,694359.1329322236,26.101279735565186,A unit test
0-1avgpool_wave_h35c288m288k3d1_same,PASS,0.019769477201257858,6035226,0.02195755044549266,6703201,305280,0.5137729999999999,594192.3767889711,29.10707950592041,A unit test
0-1avgpool_wave_h71c192m192k3d1,PASS,0.01978636480646299,17448032,0.02085408376529931,18389569,881821,0.967544,911401.4453089472,62.18354511260986,A unit test
0-1avgpool_wave_h71c1m1k3d1_same,PASS,0.001904438576637747,90876,0.0020072090196571525,95780,47718,0.102552,465305.4060379125,14.034229755401611,A unit test
0-1avgpool_wave_h71c1m1k3d1_valid,PASS,0.001975830157866086,90740,0.001975830157866086,90740,45925,0.14162,324283.29332015256,14.03400468826294,A unit test
0-1avgpool_wave_h8c1280m1280k3d1_same,PASS,0.014837883193727124,1025639,0.022517555661646628,1556481,69123,0.081441,848749.4014071537,18.047844648361206,A unit test
0-1avgpool_wave_h8c2048m2048k3d1_same,PASS,0.01483812107238121,1641022,0.022517916723179168,2490369,110595,0.147611,749232.7807548218,21.056466341018677,A unit test
0-1clipbyvalue_wave,WAIVE_KAENA636,0,0,0,0,0,-1e-06,0,3.0059046745300293,A unit test
0-1concat_h16c63m127ni5,WAIVE_INCEPTIONV3,0,23958762,0,23958762,0,-1e-06,0,16.049522399902344,A unit test
0-1concat_h17c1m1ni2,WAIVE_INCEPTIONV3,0,3767,0,3767,0,-1e-06,0,12.035744667053223,A unit test
0-1concat_h1c1m10ni5,WAIVE_INCEPTIONV3,0,302,0,302,0,-1e-06,0,11.054138422012329,A unit test
0-1concat_h1c1m1ni2,WAIVE_INCEPTIONV3,0,15,0,15,0,-1e-06,0,11.054062843322754,A unit test
0-1concat_h35c1m1ni2,WAIVE_INCEPTIONV3,0,12259,0,12259,0,-1e-06,0,11.054181098937988,A unit test
0-1concat_h35c63m127ni5,WAIVE_INCEPTIONV3,0,155559546,0,155559546,0,-1e-06,0,21.080755472183228,A unit test
0-1concat_h35c64m64ni4,WAIVE_INCEPTIONV3,0,14148329,0,14148329,0,-1e-06,0,15.06387448310852,A unit test
0-1conv-h8r3c4m4-relu_wave,PASS,0.01090630472854641,12455,0.016717162872154117,19091,1142,0.210145,5434.342953674844,17.069899320602417,Two Conv2D layers back to back
0-1conv0_b16_wave,PASS,4.1906327033689397e-05,51,4.1906327033689397e-05,51,1217,0.125999,9658.80681592711,16.06815004348755,Existence tests for 1 conv2D layer with 1x1 filter and 1x1 image. It multiplies 2 * 3 = 6.
0-1conv0_c1h16_wave,PASS,0.000782741116751269,771,0.000782741116751269,771,985,0.104973,9383.36524630143,16.068560361862183,"Existance test for 1 conv2D layer with 1x1 filter, 16x16 image, 1 input channel"
0-1conv0_c1h2_wave,PASS,4.411764705882353e-05,15,4.411764705882353e-05,15,340,0.121974,2787.4792988669715,17.05567955970764,"Existance test for 1 conv2D layer with 1x1 filter, 2x2 image, 1 input channel"
0-1conv0_ckpt_wave,PASS,1.7964071856287423e-05,6,1.7964071856287423e-05,6,334,0.048638,6867.058678399605,9.021212816238403,Existence tests for 1 conv2D layer with 1x1 filter and 1x1 image. It multiplies 2 * 3 = 6.
0-1conv0_h16r2s2_wave,PASS,0.001011764705882353,774,0.001011764705882353,774,765,0.202302,3781.4752202153213,18.054360151290894,Existence tests for 1 conv2D layer with 1x1 filter and 1x1 image. It multiplies 2 * 3 = 6.
0-1conv0_h16r3s2_wave,PASS,0.0012095864661654135,1287,0.0013336466165413533,1419,1064,0.187842,5664.334919773,18.05464220046997,Existence tests for 1 conv2D layer with 1x1 filter and 1x1 image. It multiplies 2 * 3 = 6.
0-1conv0_h55c256m1_wave,PASS,0.007434256752865288,2323458,0.007434256752865288,2323458,312534,3.3573109999999997,93090.57159137179,31.06918740272522,Existence tests for 1 conv2D layer with 1x1 filter and 1x1 image. It multiplies 2 * 3 = 6.
0-1conv0_padvalid_wave,PASS,0.0019276378614685675,1281804,0.0019276378614685675,1281804,664961,172.96106,3844.570564033315,241.47803807258606,Existence tests for 1 conv2D layer with 1x1 filter and 1x1 image. It multiplies 2 * 3 = 6.
0-1conv0_qemu_wave,PASS,0,6,0,6,0,-1e-06,0,529.9581019878387,Existence tests for 1 conv2D layer with 1x1 filter and 1x1 image. It multiplies 2 * 3 = 6.
0-1conv0_subnormal_wave,PASS,1.7964071856287423e-05,6,1.7964071856287423e-05,6,334,0.099387,3360.6004809482124,24.049752950668335,Existence tests for 1 conv2D layer with 1x1 filter and 1x1 image. It multiplies 2 * 3 = 6.
0-1conv0_wave,PASS,1.7964071856287423e-05,6,1.7964071856287423e-05,6,334,0.09745,3427.3986659825555,25.050323724746704,Existence test for wave scheduler
0-1conv0_wave_h35c288m64,PASS,0.25158663866939274,45529634,0.25158663866939274,45529634,180970,2.821091,64148.94095936643,41.075756788253784,Existence test for wave scheduler
0-1conv0m16_wave,PASS,0.00014488636363636364,51,0.00014488636363636364,51,352,0.090244,3900.5363237445144,27.052293300628662,Existence tests for 1 conv2D layer with 1x1 filter and 1x1 image. It multiplies 2 * 3 = 6.
0-1conv0m4_wave,PASS,4.477611940298507e-05,15,4.477611940298507e-05,15,335,0.157518,2126.741070861743,26.049769401550293,Existence tests for 1 conv2D layer with 1x1 filter and 1x1 image. It multiplies 2 * 3 = 6.
0-1conv0m8_wave,PASS,7.917888563049854e-05,27,7.917888563049854e-05,27,341,0.083846,4066.9799394127326,30.07634425163269,Existence tests for 1 conv2D layer with 1x1 filter and 1x1 image. It multiplies 2 * 3 = 6.
0-1conv1avgpool_wave,PASS,0.00021282051282051282,83,0.00021282051282051282,83,390,0.141901,2748.395007787119,32.083492279052734,Two Conv2D layers back to back
0-1conv1avgpool_wave_h16k3d1,WAIVE_INCEPTIONV3,0.0014165061014771998,4411,0.0017273603082851637,5379,3114,0.423173,7358.692544184057,30.079463243484497,Two Conv2D layers back to back
0-1conv1avgpool_wave_h17k3d1,WAIVE_INCEPTIONV3,0,5034,0,6072,0,-1e-06,0,27.068055629730225,Two Conv2D layers back to back
0-1conv1avgpool_wave_h18k3d1,WAIVE_INCEPTIONV3,0,5698,0,6807,0,-1e-06,0,26.069326877593994,Two Conv2D layers back to back
0-1conv1avgpool_wave_h32k3d1,WAIVE_INCEPTIONV3,0,19402,0,21507,0,-1e-06,0,23.06662631034851,Two Conv2D layers back to back
0-1conv1avgpool_wave_h35c128m128k3d1,WAIVE_INCEPTIONV3,0,42839508,0,43136386,0,-1e-06,0,35.071651458740234,Two Conv2D layers back to back
0-1conv1avgpool_wave_h35c16k3d1,WAIVE_INCEPTIONV3,0,65497,0,67602,0,-1e-06,0,26.04391050338745,Two Conv2D layers back to back
0-1conv1avgpool_wave_h35c192m192k3d1,WAIVE_INCEPTIONV3,0,94377149,0,94822466,0,-1e-06,0,50.106988191604614,Two Conv2D layers back to back
0-1conv1avgpool_wave_h35c196k3d1,WAIVE_INCEPTIONV3,0,618637,0,620742,0,-1e-06,0,28.044315338134766,Two Conv2D layers back to back
0-1conv1avgpool_wave_h35k3d1,WAIVE_INCEPTIONV3,0,19402,0,21507,0,-1e-06,0,27.042721271514893,Two Conv2D layers back to back
0-1conv1avgpool_wave_k3d1,WAIVE_INCEPTIONV3,0.0003713692946058091,179,0.0007033195020746888,339,482,0.316836,1521.291772399601,28.044466972351074,Two Conv2D layers back to back
0-1conv1ba1_fp32_wave,PASS,0.17967240867099693,226796349,0.1877485876713273,236990724,1262277,213.47278,5913.058329966003,398.7071301937103,Two Conv2D layers back to back
0-1conv1ba1_h1c1m1_wave,PASS,2.967359050445104e-05,10,2.967359050445104e-05,10,337,0.167633,2010.3440253410724,34.07563281059265,Two Conv2D layers back to back
0-1conv1ba1_h1c64m64_fp32_wave,PASS,0.0031879468845760982,12484,0.0031879468845760982,12484,3916,0.337714,11595.610486980107,33.075533866882324,Two Conv2D layers back to back
0-1conv1ba1_h1c64m64_wave,PASS,0.005545979564637938,12484,0.005545979564637938,12484,2251,0.16236,13864.252278886424,36.077977895736694,Two Conv2D layers back to back
0-1conv1ba1_h4c1m1_fp32_wave,PASS,0.00018617021276595746,70,0.00018617021276595746,70,376,0.215038,1748.5281671146495,39.07382011413574,Two Conv2D layers back to back
0-1conv1ba1_h4c1m256_wave,PASS,0.004788942846469929,12820,0.004788942846469929,12820,2677,0.38444300000000003,6963.320960454475,38.07097363471985,Two Conv2D layers back to back
0-1conv1ba1_h4c2m2_fp32_wave,PASS,0.0005126903553299492,202,0.0005126903553299492,202,394,0.047152,8355.9552086868,34.06831383705139,Two Conv2D layers back to back
0-1conv1ba1_h4c2m2_wave,PASS,0.000531578947368421,202,0.000531578947368421,202,380,0.136857,2776.6208524226017,37.07147455215454,Two Conv2D layers back to back
0-1conv1ba1_h55c1m1_b2_wave,PASS,0.002841413311421528,24206,0.002841413311421528,24206,8519,2.872122,2966.099629472564,45.066609382629395,Two Conv2D layers back to back
0-1conv1ba1_h55c1m1_fp32_wave,PASS,0.0010734172725660577,12106,0.0010734172725660577,12106,11278,1.6001670000000001,7048.014363500809,43.071455001831055,Two Conv2D layers back to back
0-1conv1ba1_h55c1m1_wave,PASS,0.002985450061652281,12106,0.002985450061652281,12106,4055,1.4382890000000002,2819.322125108375,40.05973982810974,Two Conv2D layers back to back
0-1conv1ba1_wave,PASS,0.004788942846469929,12820,0.004788942846469929,12820,2677,0.117191,22843.05108754085,39.05306577682495,Two Conv2D layers back to back
0-1conv1maxpool_c128m64h128_val_wave,PASS,2.1291755405977124,2345214466,2.1291755405977124,2345214466,1101466,98.32894,11201.849628400347,339.56610894203186,Two Conv2D layers back to back
0-1conv1maxpool_c128m64h16_val_wave,PASS,0.6137268422610239,29032962,0.6137268422610239,29032962,47306,1.216615,38883.29504403612,56.08954358100891,Two Conv2D layers back to back
0-1conv1maxpool_k3d2_wave,WAIVE_WAVESC,0,91,0,603,0,-1e-06,0,31.0487642288208,Two Conv2D layers back to back
0-1conv1maxpool_wave_h17c128k3d1,WAIVE_INCEPTIONV3,0,115156,0,115156,0,-1e-06,0,28.040982723236084,Two Conv2D layers back to back
0-1conv1maxpool_wave_h17c196k3d1,WAIVE_INCEPTIONV3,0,174180,0,174180,0,-1e-06,0,30.042299032211304,Two Conv2D layers back to back
0-1conv1maxpool_wave_h17k3d1,WAIVE_INCEPTIONV3,0,4920,0,4920,0,-1e-06,0,26.039282083511353,Two Conv2D layers back to back
0-1conv1maxpool_wave_h71k3d1,WAIVE_INCEPTIONV3,0,100824,0,100824,0,-1e-06,0,27.046480417251587,Two Conv2D layers back to back
0-1conv1maxpool_wave_k3d1,PASS,0.0003,123,0.0003,123,410,0.067101,6110.192098478414,30.052488327026367,Two Conv2D layers back to back
0-1conv1pool_b5_wave,WAIVE_WAVESC,0,403,0,403,0,-1e-06,0,27.04555892944336,Two Conv2D layers back to back
0-1conv1pool_b5m3_wave,WAIVE_WAVESC,0,1045,0,1045,0,-1e-06,0,26.042364835739136,Two Conv2D layers back to back
0-1conv1pool_wave,PASS,0.009092693565976008,8338,0.009092693565976008,8338,917,0.164337,5579.997200873814,30.052037239074707,Two Conv2D layers back to back
0-1conv_b1h1r1s1c2m2_tile_wave,PASS,4.761904761904762e-05,16,4.761904761904762e-05,16,336,0.058591,5734.669147138639,30.05492377281189,Two Conv2D layers back to back
0-1conv_c128m64h128_waveg,PASS,1.6534592825237986,2344325828,1.7054853406365076,2418089986,1417831,108.911897,13018.14621776352,407.6585292816162,Two Conv2D layers back to back
0-1conv_dilated_wave,WAIVE_KAENA569,0,1372,0,1372,0,-1e-06,0,25.042335271835327,Two Conv2D layers back to back
0-1conv_exp_pad_wave,PASS,0.002175123762376238,7030,0.002175123762376238,7030,3232,0.748435,4318.344278394249,32.05231046676636,Two Conv2D layers back to back
0-1conv_h17c196r1_wave,PASS,0.007015091538842158,170130,0.007015091538842158,170130,24252,0.564855,42934.912499668055,35.058804988861084,Two Conv2D layers back to back
0-1conv_h4_sigmoid_wave,PASS,0.00014166666666666665,68,0.00014166666666666665,68,480,0.174585,2749.3770942520837,34.052931785583496,Two Conv2D layers back to back
0-1conv_h4_softplus_wave,WAIVE_KAENA634,0,68,0,68,0,-1e-06,0,29.049280405044556,Two Conv2D layers back to back
0-1conv_h4r1_b2_wave,PASS,0.00024029126213592235,99,0.00024029126213592235,99,412,0.102409,4023.0839086408423,32.05235958099365,Two Conv2D layers back to back
0-1conv_h4r1_wave,PASS,0.00013858695652173913,51,0.00013858695652173913,51,368,0.08566599999999999,4295.753274344548,28.047700881958008,Two Conv2D layers back to back
0-1conv_h4r2s2_wave,PASS,0.00014594594594594595,54,0.00014594594594594595,54,370,0.19481199999999999,1899.2669856066364,30.04771089553833,Two Conv2D layers back to back
0-1conv_h4r3s1_b2_wave,PASS,0.00048303715670436185,299,0.001,619,619,0.199201,3107.414119407031,34.05457592010498,Two Conv2D layers back to back
0-1conv_h4r3s1_wave,PASS,0.0003156822810590632,155,0.0006415478615071283,315,491,0.150702,3258.08549322504,31.04963970184326,Two Conv2D layers back to back
0-1conv_h6r2s3_wave,PASS,0.0001962864721485411,74,0.0001962864721485411,74,377,0.16078,2344.819007339221,30.077226638793945,Two Conv2D layers back to back
0-1conv_h6r3s2_b2_wave,PASS,0.0005846994535519125,321,0.0007413479052823316,407,549,0.25770600000000005,2130.334567297618,34.079201459884644,Two Conv2D layers back to back
0-1conv_h6r3s2_wave,PASS,0.00036403508771929826,166,0.00045833333333333327,209,456,0.105549,4320.268311400392,34.07872438430786,Two Conv2D layers back to back
0-1conv_s8_32b_wave,PASS,0.000492619926199262,267,0.000492619926199262,267,542,0.2007,2700.548081714001,35.08203887939453,Two Conv2D layers back to back
0-1conv_s8_wave,PASS,0.0006068181818181818,267,0.0006068181818181818,267,440,0.111274,3954.2031381993997,32.04664182662964,Two Conv2D layers back to back
0-1conv_tile_r1_e1_wave,PASS,0.001542785234899329,3678,0.001542785234899329,3678,2384,0.368918,6462.140638299025,32.05753827095032,Single Conv2D layer with a large image
0-1conv_tile_r1_wave,PASS,0.001542785234899329,3678,0.001542785234899329,3678,2384,0.33586400000000005,7098.111140223423,31.07368493080139,Single Conv2D layer with a large image
0-1conv_tile_r1h32_wave,PASS,0.0012952822240943555,3075,0.0012952822240943555,3075,2374,0.455245,5214.774462102823,31.073973655700684,Single Conv2D layer with a large image
0-1conv_tile_wave,PASS,0.001722194841465418,20966,0.00191276490882208,23286,12174,3.9608019999999997,3073.619938588195,33.07621240615845,Single Conv2D layer with a large image
0-1maxpool_wave_h1c192m192k1d1_same,PASS,0.0007435567010309279,577,0.0007435567010309279,577,776,0.117383,6610.838025949243,30.045109510421753,A unit test
0-1maxpool_wave_h1c192m192k1d1_valid,PASS,0.0007435567010309279,577,0.0007435567010309279,577,776,0.064958,11946.180609008898,32.04888582229614,A unit test
0-1maxpool_wave_h65c1m1k3d1_valid,WAIVE_INCEPTIONV3,0.0019673955435376097,75668,0.0019673955435376097,75668,38461,0.27127,141781.25115198878,34.050294160842896,A unit test
0-1maxpool_wave_h71c192m192k3d1_same,PASS,0.01978636480646299,17448032,0.02085408376529931,18389569,881821,17.272733,51052.77780881578,119.15499091148376,A unit test
0-1maxpool_wave_h71c192m192k3d1_valid,PASS,0.020330775729879732,17421889,0.020330775729879732,17421889,856922,13.977888,61305.54201035235,108.14201021194458,A unit test
0-1maxpool_wave_h71c192m192k3d2_valid,PASS,0.010366228817528316,5201473,0.010366228817528316,5201473,501771,2.93362,171041.58002740642,51.0535728931427,A unit test
0-1maxpool_wave_h71c1m1k3d1_same,PASS,0.001904438576637747,90876,0.0020072090196571525,95780,47718,0.328307,145345.66731748029,31.04147505760193,A unit test
0-1maxpool_wave_h71c1m1k3d1_valid,PASS,0.001975830157866086,90740,0.001975830157866086,90740,45925,0.5558179999999999,82625.96749295633,31.041268825531006,A unit test
0-1maxpool_wave_h71c1m1k3d2_same,WAIVE_INCEPTIONV3,0,27109,0,28370,0,-1e-06,0,26.044743299484253,A unit test
0-1maxpool_wave_h71c1m1k3d2_valid,PASS,0.001962619530570849,27092,0.001962619530570849,27092,13804,0.170338,81038.87564724254,33.05186367034912,A unit test
0-1mp_r3s2_16_wave,PASS,0.0015371120107962213,1139,0.0015371120107962213,1139,741,0.044948,16485.716828334964,33.05165934562683,Single MaxPoll layer
0-2conv3_relu_b16_wave,PASS,0.0007695990424895272,2572,0.0015356074207061642,5132,3342,0.628003,5321.630629153045,30.04848313331604,A unit test
0-2conv3_relu_wave,PASS,0.0003481781376518219,172,0.0006720647773279352,332,494,0.134209,3680.826174101588,33.04760456085205,A unit test
0-2conv_tanh_wave,PASS,0.0003481781376518219,172,0.0006720647773279352,332,494,0.171205,2885.4297479629686,35.048776626586914,A unit test
0-2matmult_add_fp32_wave,PASS,0.0012094756240883804,4217352,0.0012094756240883804,4217352,3486926,38.104751,91508.95645532495,261.3471872806549,"Two layer, BiasAdd followed by ResAdd"
0-3conv_1concat,WAIVE_INCEPTIONV3,0,19,0,19,0,-1e-06,0,26.03553867340088,A unit test
0-3conv_1concat_c32m32,WAIVE_INCEPTIONV3,0,11387,0,11387,0,-1e-06,0,30.037060976028442,A unit test
0-3conv_1concat_h16c32m32,WAIVE_INCEPTIONV3,0,1842118,0,1842118,0,-1e-06,0,29.035703897476196,A unit test
0-3conv_1concat_h16c32m63,WAIVE_INCEPTIONV3,0,3976134,0,3976134,0,-1e-06,0,29.03420376777649,A unit test
0-3conv_1concat_host,WAIVE_INCEPTIONV3,1.65016501650165e-05,10,1.65016501650165e-05,10,606,0.150058,4038.43847045809,34.04921245574951,A unit test
0-3conv_ba_mult_fp32_wave,PASS,0.0019908885258263166,31683,0.002113170793012442,33629,15914,4.1305119999999995,3852.791130978436,49.05896735191345,A unit test
0-3conv_ba_resadd_fp16_wave,PASS,0.001990164796633941,113519,0.0021218092566619917,121028,57040,18.228417999999998,3129.1799430976407,56.066996574401855,"Two layer, BiasAdd followed by ResAdd"
0-3conv_ba_resadd_fp32_wave,PASS,0.0019974837676620155,113519,0.002129612359451708,121028,56831,18.706053,3038.1075045601547,68.07901239395142,"Two layer, BiasAdd followed by ResAdd"
0-3conv_ba_resadd_h1_fp16_wave,PASS,5.730659025787966e-05,20,5.730659025787966e-05,20,349,0.268328,1300.6469693807578,36.04615902900696,"Two layer, BiasAdd followed by ResAdd"
0-3conv_relu_wave,PASS,2.3450586264656617e-05,14,2.3450586264656617e-05,14,597,0.079992,7463.246324632464,40.05225920677185,A unit test
0-3resadd_fp16_wave,WAIVE-KAENA661,0.00027530364372469634,68,0.00027530364372469634,68,247,0.081381,3035.1064744842165,38.050965785980225,"Two layer, BiasAdd followed by ResAdd"
0-4conv_relu_nne,PASS,0.0003156822810590632,310,0.0006415478615071283,630,982,0.186165,5274.890554078372,48.06133723258972,A unit test
0-act_softplus_wave,WAIVE_KAENA634,0,1026,0,1026,0,-1e-06,0,31.034157514572144,A unit test
0-act_wave,PASS,0.0011274725274725275,1026,0.0011274725274725275,1026,910,0.20102,4526.912745000497,41.05332374572754,A unit test
0-ba_relu_fp32_wave,PASS,3.5928143712574846e-05,12,3.5928143712574846e-05,12,334,0.19254,1734.704476991794,37.040043592453,A unit test
0-neg,PASS,0,0,0,0,0,-1e-06,0,13.01884937286377,Negative test
0-resadd_fp32_wave,PASS_WAIVE-KAENA661,0.0013426033217458478,3476,0.0013426033217458478,3476,2589,0.164422,15746.068044422278,35.040478229522705,"Two layer, BiasAdd followed by ResAdd"
0-resadd_uint8_wave,WAIVE-KAENA661,0,151,0,151,0,-1e-06,0,33.03411841392517,"Two layer, BiasAdd followed by ResAdd"
0-resadd_wave,PASS,7.981220657276994e-05,17,7.981220657276994e-05,17,213,0.115372,1846.20185140242,41.04311752319336,"Two layer, BiasAdd followed by ResAdd"
0-rn50-16_wave_repl,WAIVE_REPLICATION,0.010214462299134733,16527,0.018353522867737948,29696,1618,0.101489,15942.614470533754,41.04296898841858,A unit test
0-rtl-10conv_h16c128m64_relu_wave,PASS,0.0005115942028985508,1412,0.0010333333333333334,2852,2760,1.1641560000000002,2370.816282353911,44.047348976135254,A unit test
0-rtl-10conv_h32c256m128_relu_wave,PASS,0.0005115942028985508,1412,0.0010333333333333334,2852,2760,1.120076,2464.118506244219,48.05118799209595,A unit test
0-rtl-10conv_h4c1m1_relu_wave,PASS,0.0005115942028985508,1412,0.0010333333333333334,2852,2760,0.9713309999999999,2841.461870361391,42.12301516532898,A unit test
0-rtl-1conv1avgpool_h16c128m64_same_wave,PASS,0.21850376286284748,4268034,0.21850376286284748,4268034,19533,0.818221,23872.523438044245,49.0557119846344,Two Conv2D layers back to back
0-rtl-1conv1avgpool_h32c256m128_same_wave,PASS,0.485286491913795,67665922,0.485286491913795,67665922,139435,5.824765,23938.304807146724,68.07434463500977,Two Conv2D layers back to back
0-rtl-1conv1avgpool_h4c1m1_same_wave,PASS,0.00021282051282051282,83,0.00021282051282051282,83,390,0.252508,1544.5055206171685,40.04269289970398,Two Conv2D layers back to back
0-rtl-1conv1maxpool_h16c128m64_wave,PASS,0.21850376286284748,4268034,0.21850376286284748,4268034,19533,0.502332,38884.64202957407,43.04558062553406,Two Conv2D layers back to back
0-rtl-1conv1maxpool_h1c1m1_wave,PASS,0.00021282051282051282,83,0.00021282051282051282,83,390,0.155717,2504.543498783049,42.04402780532837,Two Conv2D layers back to back
0-rtl-1conv1maxpool_h32c256m128_wave,PASS,0.485286491913795,67665922,0.485286491913795,67665922,139435,5.864781,23774.97130753902,66.06950354576111,Two Conv2D layers back to back
0-rtl-1conv1maxpool_h8r3c5m4_val_wave,PASS,0.013874873864783048,13750,0.013874873864783048,13750,991,0.35296900000000003,2807.6119999206726,42.04405188560486,Two Conv2D layers back to back
0-rtl-1conv3_h4r3_relu_wave,PASS,0.0003481781376518219,172,0.0006720647773279352,332,494,0.06102,8095.706325794822,35.03757286071777,Two Conv2D layers back to back
0-rtl-1conv_h2c16_wave,PASS,0.0005072463768115942,210,0.0005072463768115942,210,414,0.165078,2507.9053538327335,34.03593826293945,Two Conv2D layers back to back
0-rtl-1conv_h4r2c8m4_wave,PASS,0.005361266294227188,2879,0.008108007448789572,4354,537,0.275691,1947.8328998770362,35.0375862121582,Two Conv2D layers back to back
0-rtl-1conv_h4r3c4m2_wave,PASS,0.0021088929219600728,1162,0.004431941923774954,2442,551,0.25625200000000004,2150.227120178574,33.03529071807861,Two Conv2D layers back to back
0-rtl-1conv_h8r4c64m16_wave,PASS,0.1107676242768899,1129719,0.20763153250318658,2117634,10199,0.38980000000000004,26164.69984607491,37.04022431373596,Two Conv2D layers back to back
0-rtl-1conv_m8_wave,PASS,7.917888563049854e-05,27,7.917888563049854e-05,27,341,0.084714,4025.3086856953987,32.05903697013855,Two Conv2D layers back to back
0-rtl-1conv_relu_wave,PASS,0.0003481781376518219,172,0.0006720647773279352,332,494,0.237852,2076.921783293813,32.03932166099548,Two Conv2D layers back to back
0-rtl-1conv_wave,PASS,1.7964071856287423e-05,6,1.7964071856287423e-05,6,334,0.148241,2253.0878771729817,32.03423857688904,Two Conv2D layers back to back
0-rtl-2conv3_relu_h16c64m64r3_wave,PASS,0.47828369405605564,14982715,0.6047373747047181,18944003,31326,1.493627,20973.107743767352,42.0795259475708,A unit test
0-rtl-2conv3_relu_h1c1m1r3_wave,PASS,3.463203463203463e-05,16,6.926406926406926e-05,32,462,0.138169,3343.731227699412,32.03784394264221,A unit test
0-rtl-2conv3_relu_h32c128m128r3_wave,PASS,1.4413784317417617,267916216,1.6268970598520511,302399491,185875,13.691154000000001,13576.28436580291,115.17484021186829,A unit test
0-rtl-act_h2c16_wave,PASS,0.0005241935483870969,130,0.0005241935483870969,130,248,0.042302,5862.606968937639,29.033321857452393,A unit test
0-rtl-resadd_h16c128_wave,PASS,0.0035100556268720584,98436,0.0035100556268720584,98436,28044,0.159895,175390.09975296288,40.048054933547974,"Two layer, BiasAdd followed by ResAdd"
0-rtl-resadd_h1c1_wave,PASS,3.883495145631068e-05,8,3.883495145631068e-05,8,206,0.143597,1434.570360105016,36.038830041885376,"Two layer, BiasAdd followed by ResAdd"
0-rtl-resadd_h32c256_wave,PASS,0.003729317177693081,786692,0.003729317177693081,786692,210948,0.43865800000000005,480893.99942552054,54.177637815475464,"Two layer, BiasAdd followed by ResAdd"
0-rtl-rn50_ba_relu_h16c128m64_fp16_wave,PASS,0.17634594884931618,4268101,0.17634594884931618,4268101,24203,0.377744,64072.49354059892,38.04465675354004,A unit test
0-rtl-rn50_ba_relu_h1c1m1_fp16_wave,PASS,3.560830860534125e-05,12,3.560830860534125e-05,12,337,0.176805,1906.0546930233875,37.042808294296265,A unit test
0-rtl-rn50_ba_relu_h32c256m128_fp16_wave,PASS,0.3829908251168793,67666053,0.3829908251168793,67666053,176678,4.033812999999999,43799.253956492284,69.08010387420654,A unit test
0-scaleadd_wave,WAIVE-LSTM,0,36,0,36,0,-1e-06,0,30.032748699188232,"Two layer, BiasAdd followed by ResAdd"
1-1conv0_c128_wave,PASS,0.0006111771700356718,514,0.0006111771700356718,514,841,0.29304800000000003,2869.837023286287,39.041240215301514,Two Conv2D layers back to back
1-1conv0_c256_wave,PASS,0.0007583148558758314,1026,0.0007583148558758314,1026,1353,0.32415400000000005,4173.94201521499,37.038793087005615,Two Conv2D layers back to back
1-1conv0_h112c1m1_wave,PASS,0.0012733885975300286,37635,0.0012733885975300286,37635,29555,6.397847,4619.522786337341,55.057384967803955,Two Conv2D layers back to back
1-1conv0_h16c128_wave,PASS,0.006812984496124031,98434,0.006812984496124031,98434,14448,0.189134,76390.28413717258,36.040327072143555,Two Conv2D layers back to back
1-1conv0_h16c1m1_wave,PASS,0.0014115490375802015,1540,0.0014115490375802015,1540,1091,0.199847,5459.176269846433,37.04082894325256,Two Conv2D layers back to back
1-1conv0_h16c256_wave,PASS,0.0070269131924614505,196866,0.0070269131924614505,196866,28016,0.48932400000000004,57254.49804219699,38.04126954078674,Two Conv2D layers back to back
1-1conv0_h16c256m128_fp32_wave,PASS,0.157494372375175,16875522,0.157494372375175,16875522,107150,0.611646,175183.03070730454,43.04572582244873,Two Conv2D layers back to back
1-1conv0_h16c256m128_wave,PASS,0.30723545797148943,16875522,0.30723545797148943,16875522,54927,1.305827,42062.99915685615,47.04957461357117,Two Conv2D layers back to back
1-1conv0_h16c2m1_wave,PASS,0.0014115490375802015,1540,0.0014115490375802015,1540,1091,0.287248,3798.1117362000778,29.03197169303894,Two Conv2D layers back to back
1-1conv0_h224c1m1_wave,PASS,0.002112698590916746,75267,0.002112698590916746,75267,35626,4.863691,7324.889677407549,41.194392919540405,Two Conv2D layers back to back
1-1conv0_h28c1m1_wave,PASS,0.0012519936204146733,2355,0.0012519936204146733,2355,1881,0.5470079999999999,3438.706563706564,30.037489891052246,Two Conv2D layers back to back
1-1conv0_h32c128m1_wave,PASS,0.0071745736434108524,393346,0.0071745736434108524,393346,54825,0.658794,83220.24790754015,30.03675413131714,Two Conv2D layers back to back
1-1conv0_h32c1m1_wave,PASS,0.0012952822240943555,3075,0.0012952822240943555,3075,2374,0.601533,3946.58314672678,30.033198595046997,Two Conv2D layers back to back
1-1conv0_h32c1m2_wave,PASS,0.0018398563734290845,5124,0.0018398563734290845,5124,2785,0.490408,5678.944878550105,29.031115293502808,Two Conv2D layers back to back
1-1conv0_h32c2m1_wave,PASS,0.002205956225331898,6148,0.002205956225331898,6148,2787,0.5899449999999999,4724.169202213766,31.144343376159668,Two Conv2D layers back to back
1-1conv0_h32c4m1_wave,PASS,0.0034027124273456957,12294,0.0034027124273456957,12294,3613,0.412959,8749.0525693834,30.089235067367554,Two Conv2D layers back to back
1-1conv0_h32c64m1_wave,PASS,0.006926848166801676,196674,0.006926848166801676,196674,28393,0.675511,42031.88401077111,31.087586402893066,Two Conv2D layers back to back
1-1conv0_h32c8m1_wave,PASS,0.004669705603038937,24586,0.004669705603038937,24586,5265,0.44288900000000003,11887.854518852353,31.043370008468628,Two Conv2D layers back to back
1-1conv0_h40c1m1_wave,PASS,0.0012543745103160094,4803,0.0012543745103160094,4803,3829,0.5369079999999999,7131.575614444188,30.041634559631348,Two Conv2D layers back to back
1-1conv0_h55c256_wave,PASS,0.007434256752865288,2323458,0.007434256752865288,2323458,312534,3.436963,90933.18723535865,45.05574321746826,Two Conv2D layers back to back
1-1conv0_h55m64_wave,PASS,0.004650806134486826,390291,0.004650806134486826,390291,83919,2.406307,34874.602450975704,50.05892252922058,Two Conv2D layers back to back
1-1conv0_h56c1m1_wave,PASS,0.0012326129666011788,9411,0.0012326129666011788,9411,7635,1.357622,5623.803974891391,36.06039524078369,Two Conv2D layers back to back
1-1conv0_h64c2m1_wave,PASS,0.002206661280186731,24580,0.002206661280186731,24580,11139,1.593933,6988.374040816019,38.0936017036438,Two Conv2D layers back to back
1-1conv0_m128_wave,PASS,0.0005489361702127661,387,0.0005489361702127661,387,705,0.358113,1968.6523527489926,35.070295572280884,Two Conv2D layers back to back
1-1conv0_m2_wave,PASS,2.6946107784431136e-05,9,2.6946107784431136e-05,9,334,0.073045,4572.5237867068245,32.04303216934204,Two Conv2D layers back to back
1-1conv0_m64_wave,PASS,0.00040289256198347106,195,0.00040289256198347106,195,484,0.052157999999999996,9279.4969132252,30.040737628936768,Two Conv2D layers back to back
1-1conv0_r3h16c128_wave,PASS,0.029885528124813203,499955,0.037285312929643134,623746,16729,1.1489340000000001,14560.453429004623,36.04695773124695,Two Conv2D layers back to back
1-1conv0_r3h55c256_wave,WAIVE_WAVESC,0,13754877,0,14715906,0,-1e-06,0,27.03737759590149,Two Conv2D layers back to back
1-1conv0_wave,PASS,0.00029130434782608693,134,0.00029130434782608693,134,460,0.084242,5460.45915339142,29.09897541999817,Two Conv2D layers back to back
1-1conv7_64_wave,PASS,0.5666814438663718,54569723,1.0693743107261908,102977538,96297,5.008534,19226.584066315612,78.15271806716919,Two Conv2D layers back to back
1-1conv9_64_wave,PASS,0.5071759938480056,75845634,1.138235808619479,170217474,149545,7.7510449999999995,19293.527517902425,108.16024136543274,Two Conv2D layers back to back
1-1conv_transpose_h8s4_wave,PASS,0.0006275743707093821,1097,0.0006275743707093821,1097,1748,0.160826,10868.889358685785,33.03576970100403,Two Conv2D layers back to back
1-1conv_transpose_r3_wave,WAIVE_KAENA570,0,25,0,25,0,-1e-06,0,26.028671503067017,Two Conv2D layers back to back
1-1conv_transpose_s2_wave,PASS,0.00021394230769230767,89,0.00021394230769230767,89,416,0.143991,2889.069455729872,31.071252584457397,Two Conv2D layers back to back
1-1conv_transpose_s4_wave,PASS,0.00043297380585516175,281,0.00043297380585516175,281,649,0.154663,4196.220169012628,31.061306715011597,Two Conv2D layers back to back
1-1conv_transpose_wave,PASS,0.00011141304347826087,41,0.00011141304347826087,41,368,0.064119,5739.328436188962,30.045027256011963,Two Conv2D layers back to back
1-rn50-16_wave_repl,WAIVE_REPLICATION,0.030786238886741396,398220,0.03638933127174333,470696,12935,0.792539,16320.963384767185,32.04402542114258,A unit test
2-1conv3_64s8_wave,PASS,0.015454634232954545,348162,0.015454634232954545,348162,22528,0.35333200000000003,63758.73116502326,36.047321796417236,Two Conv2D layers back to back
2-1conv9_64s8_wave,PASS,0.01909544560619137,2699294,0.02123947707239774,3002370,141358,3.3671029999999997,41982.08370816099,94.10506010055542,Two Conv2D layers back to back
2-padasym_strd_h112r7s2_wave,PASS,0.0019206831045220421,294216,0.0020885019878184915,319923,153183,41.343492000000005,3705.1296973172944,114.12456679344177,Single Conv2D layer with asymmetric padding
2-padasym_strd_h224r7s2_fp32_wave,PASS,0.17903635018304223,225993467,0.1871125291833726,236187842,1262277,217.895875,5793.02843617393,491.60029196739197,Single Conv2D layer with asymmetric padding
2-padasym_strd_h224r7s2_wave,PASS,0.22017876596951116,225993467,0.2301108447022581,236187842,1026409,213.897683,4798.598028759386,486.6055886745453,Single Conv2D layer with asymmetric padding
2-ptb_word_unstack_matmul1,WAIVE-KAENA661,0,1056771,0,1056771,0,-1e-06,0,36.04633808135986,A unit test
2-ptb_word_unstack_matmul4,WAIVE-KAENA661,0,1064963,0,1064963,0,-1e-06,0,36.05812168121338,A unit test
2-rn50-16_wave_repl,WAIVE_REPLICATION,0.05214245618096196,7208121,0.05444697950650685,7526696,138239,12.666706000000001,10913.571373646786,72.10260224342346,A unit test
3-1conv0_h298_wave,PASS,0.0023324770360269084,485764,0.0023452926856204473,488433,208261,56.698299000000006,3673.1437040112964,110.12003707885742,Two Conv2D layers back to back
3-1conv0_padvalid_wave,PASS,0.19849505434755205,236196014,0.19849505434755205,236196014,1189934,215.74546800000002,5515.453052297719,363.4275531768799,Two Conv2D layers back to back
3-1conv1maxpool_k3d2_wave,PASS,0.6768211819998937,2050951600,0.6873092165684193,2082733187,3030271,92.571855,32734.258160863257,330.3796446323395,Two Conv2D layers back to back
3-1conv1relupoolconv_k3d2_wave,WAIVE_RELU_POOL,0.00015258855585831063,56,0.00015258855585831063,56,367,0.203698,1801.686810867068,33.04351472854614,Two Conv2D layers back to back
3-rn50-01_fp32_wave,PASS,0.3174886433087554,177660930,0.41432892766386337,231851010,559582,10.352989,54050.28441544755,81.09243845939636,A unit test
3-rn50-01_wave,PASS,0.625917080337231,177660930,0.8168341078279742,231851010,283841,8.073194,35158.4515372726,154.17361760139465,Sprint 9 Step 1  b1  h14  r3  s1  c256   m256    pad NSWE 0-0  0-0  1-1  1-1 
3-rn50-02_fp32_wave,PASS,0.2424551363023704,103072770,0.2424551363023704,103072770,425121,4.951588,85855.48716896478,57.06495499610901,A unit test
3-rn50-02_wave,PASS,0.4820606874102621,103072770,0.4820606874102621,103072770,213817,3.66554,58331.65099821582,93.12995076179504,Sprint 9 Step 1  b1  h14  r1  s1  c256   m1024   pad NSWE 0-0  0-0  0-0  0-0 
3-rn50-03_fp32_wave,PASS,0.24530193131670314,103223298,0.24530193131670314,103223298,420801,4.484259,93839.58419886096,43.06829524040222,A unit test
3-rn50-03_wave,PASS,0.48770291799746757,103223298,0.48770291799746757,103223298,211652,3.902986,54228.22423652045,76.10932517051697,Sprint 9 Step 1  b1  h14  r1  s1  c1024  m256    pad NSWE 0-0  0-0  0-0  0-0 
3-rn50-04_fp32_wave,PASS,0.12553798498597174,99333186,0.12553798498597174,99333186,791260,5.916179,133745.10811792544,84.12653636932373,A unit test
3-rn50-04_wave,PASS,0.25020953652392947,99333186,0.25020953652392947,99333186,397000,4.661735999999999,85161.40768160188,88.12601637840271,Sprint 9 Step 1  b1  h55  r1  s1  c64    m256    pad NSWE 0-0  0-0  0-0  0-0 
3-rn50-05_fp32_wave,PASS,0.6948798026229643,201658288,0.797567307360978,231458818,290206,4.633359,62634.04152365487,50.07015872001648,A unit test
3-rn50-05_wave,PASS,1.2825606146370627,201658288,1.4720940399793934,231458818,157231,8.286439000000001,18974.495558345385,74.10515594482422,Sprint 9 Step 1  b1  h28  r3  s1  c128   m128    pad NSWE 0-0  0-0  1-1  1-1 
3-rn50-06_fp32_wave,PASS,0.2251414440801202,102926338,0.2251414440801202,102926338,457163,2.981966,153309.2597299902,57.088122606277466,A unit test
3-rn50-06_wave,PASS,0.4472724578480793,102926338,0.4472724578480793,102926338,230120,4.4597359999999995,51599.46687427239,69.09531950950623,Sprint 9 Step 1  b1  h28  r1  s1  c128   m512    pad NSWE 0-0  0-0  0-0  0-0 
3-rn50-07_fp32_wave,PASS,0.5974387792639256,207881213,0.6416298303798778,223257666,347954,11.444499,30403.602639136934,66.0900330543518,A unit test
3-rn50-07_wave,PASS,1.0371761363069403,207881213,1.1138934590630145,223257666,200430,10.338045000000001,19387.61148747176,78.10129976272583,Sprint 9 Step 1  b1  h55  r3  s1  c64    m64     pad NSWE 0-0  0-0  1-1  1-1 
3-rn50-08_fp32_wave,PASS,0.07198633526102824,142252773,0.1182098316488775,233595394,1976108,19.037329999999997,103801.74110550169,115.14970564842224,A unit test
3-rn50-08_wave,PASS,0.14459859602328573,142252773,0.23744750487153082,233595394,983777,18.630015,52806.02296884893,437.6082661151886,Sprint 9 Step 1  b1  h7   r3  s1  c512   m512    pad NSWE 0-0  0-0  1-1  1-1 
3-rn50-09_fp32_wave,PASS,0.10693160170663613,103834114,0.10693160170663613,103834114,971033,7.999607,121385.08804245008,68.0836021900177,A unit test
3-rn50-09_wave,PASS,0.21643469905033477,103834114,0.21643469905033477,103834114,479748,8.488363000000001,56518.31807852703,216.26849746704102,Sprint 9 Step 1  b1  h7   r1  s1  c512   m2048   pad NSWE 0-0  0-0  0-0  0-0 
3-rn50-10_fp32_wave,PASS,0.22428450935574423,103227394,0.22428450935574423,103227394,460252,3.821517,120436.98876650294,38.05273699760437,A unit test
3-rn50-10_wave,PASS,0.43605539644320535,103227394,0.43605539644320535,103227394,236730,4.747167,49867.636845301626,54.068793535232544,Sprint 9 Step 1  b1  h28  r1  s1  c512   m128    pad NSWE 0-0  0-0  0-0  0-0 
3-rn50-11_fp32_wave,PASS,0.1250523932478657,99913986,0.1250523932478657,99913986,798977,5.352917,149260.11369128272,51.065661668777466,A unit test
3-rn50-11_wave,PASS,0.2526806856576365,99913986,0.2526806856576365,99913986,395416,4.479903,88264.41108211494,56.07192373275757,Sprint 9 Step 1  b1  h55  r1  s1  c256   m64     pad NSWE 0-0  0-0  0-0  0-0 
3-rn50-12_fp32_wave,PASS,0.10757477324891011,103909378,0.10757477324891011,103909378,965927,9.997706,96614.86344967535,66.08125710487366,A unit test
3-rn50-12_wave,PASS,0.21659158141357543,103909378,0.21659158141357543,103909378,479748,8.880748,54021.125247557975,225.3375861644745,Sprint 9 Step 1  b1  h7   r1  s1  c2048  m512    pad NSWE 0-0  0-0  0-0  0-0 
3-rn50-13_fp32_wave,PASS,0.07794357020491842,24978498,0.07794357020491842,24978498,320469,2.266329,141404.4474566579,46.05239820480347,A unit test
3-rn50-13_wave,PASS,0.1589529221605661,24978498,0.1589529221605661,24978498,157144,2.218702,70826.99704602061,45.05617427825928,Sprint 9 Step 1  b1  h55  r1  s1  c64    m64     pad NSWE 0-0  0-0  0-0  0-0 
3-rn50-14_fp32_wave,PASS,0.11040793296327017,51912706,0.11040793296327017,51912706,470190,2.741349,171517.74546035545,37.03982758522034,A unit test
3-rn50-14_wave,PASS,0.2193037479511313,51912706,0.2193037479511313,51912706,236716,3.1768699999999996,74512.33446757344,61.14100170135498,Sprint 9 Step 1  b1  h14  r1  s2  c512   m256    pad NSWE 0-0  0-0  0-0  0-0 
3-rn50-15_fp32_wave,PASS,0.22332722927955362,206446594,0.22332722927955362,206446594,924413,10.346179000000001,89348.25117562724,74.08475661277771,A unit test
3-rn50-15_wave,PASS,0.4456897110794958,206446594,0.4456897110794958,206446594,463207,14.12833,32785.686631045566,175.22646856307983,Sprint 9 Step 1  b1  h14  r1  s2  c512   m1024   pad NSWE 0-0  0-0  0-0  0-0 
3-rn50-16_b2_wave_repl,PASS,0.4993117815822121,451977524,0.5218357845384616,472366274,905201,37.148087000000004,24367.36513511449,243.2928593158722,A unit test
3-rn50-16_fp32_wave,PASS,0.17903635018304223,225993467,0.1871125291833726,236187842,1262277,146.869416,8594.553136917219,329.5212528705597,A unit test
3-rn50-16_fp32_wave-fast_dram,PASS,0.2866304187081219,225993467,0.29956007554071346,236187842,788449,149.085356,5288.574419073058,301.47038221359253,A unit test
3-rn50-16_wave,PASS,0.19446872534112608,225993467,0.20324104579010369,236187842,1162107,158.057122,7352.449451787437,283.4682867527008,Sprint 9 Step 1  b1  h112 r7  s2  c3     m64     pad NSWE 0-0  0-0  2-3  2-3 
3-rn50-16_wave_repl,PASS,0.4972134713543958,225993467,0.5196423523717328,236187842,454520,11.737440000000001,38723.946618683454,105.22046685218811,Sprint 9 Step 1  b1  h112 r7  s2  c3     m64     pad NSWE 0-0  0-0  2-3  2-3 
3-rn50-16_wave_repl-fast_dram,PASS,6.593921366673475,225993467,6.8913676071543195,236187842,34273,11.646494,2942.774022808924,106.17418932914734,Sprint 9 Step 1  b1  h112 r7  s2  c3     m64     pad NSWE 0-0  0-0  2-3  2-3 
3-rn50-17_fp32_wave,PASS,0.03418667148487003,206426370,0.03418667148487003,206426370,6038212,22.44866,268978.72746079275,83.14059615135193,A unit test
3-rn50-17_wave,PASS,0.39127472165042254,206426370,0.39127472165042254,206426370,527574,8.547281,61724.19041798205,89.15491533279419,Sprint 9 Step 1  b1  h28  r1  s2  c256   m512    pad NSWE 0-0  0-0  0-0  0-0 
3-rn50-18_fp32_wave,PASS,0.034564095125881454,52187394,0.034564095125881454,52187394,1509873,4.479401,337070.29131796863,36.04580211639404,A unit test
3-rn50-18_wave,PASS,0.14203511455367882,52187394,0.14203511455367882,52187394,367426,2.149489,170936.44117276245,44.060948610305786,Sprint 9 Step 1  b1  h28  r1  s2  c256   m128    pad NSWE 0-0  0-0  0-0  0-0 
3-rn50-19_fp32_wave,PASS,0.08484989586166129,52105218,0.08484989586166129,52105218,614087,4.3629809999999996,140749.40963529295,46.07188391685486,A unit test
3-rn50-19_wave,PASS,0.17046343745501655,52105218,0.17046343745501655,52105218,305668,4.004271,76335.49277758673,114.20488595962524,Sprint 9 Step 1  b1  h7   r1  s2  c1024  m512    pad NSWE 0-0  0-0  0-0  0-0 
3-rn50-20_fp32_wave,PASS,0.1054280148397593,207818754,0.1054280148397593,207818754,1971191,21.516707,91612.11332198742,107.19905209541321,A unit test
3-rn50-20_wave,PASS,0.21273288361142387,207818754,0.21273288361142387,207818754,976900,10.484048000000001,93179.65732320187,374.7901132106781,Sprint 9 Step 1  b1  h7   r1  s2  c1024  m2048   pad NSWE 0-0  0-0  0-0  0-0 
3-rn50-t00_fp32_wave,PASS,1.8072289156626505e-05,6,1.8072289156626505e-05,6,332,0.043281,7670.802430627758,24.077381134033203,A unit test
3-rn50-t00_wave,PASS,1.7964071856287423e-05,6,1.7964071856287423e-05,6,334,0.097706,3418.4185208687286,22.07389187812805,A unit test
3-rn50_ba_relu_fp16_wave,PASS,0.19585094449378024,227599166,0.2046232875887184,237793541,1162104,184.877778,6285.796013840019,302.6841239929199,A unit test
3-rn50_pool2_wave,PASS,0.12308384396951129,823554,0.12308384396951129,823554,6691,0.180259,37118.81237552632,30.036871433258057,A unit test
3-rn50_relu_fp16_wave,PASS,0.01542588679288504,10774550,0.016110040202041025,11252412,698472,136.424601,5119.839053075186,209.45042896270752,A unit test
4-ptb_word_lm1,WAIVE-LSTM,0,0,0,0,0,-1e-06,0,10.012593030929565,Full size networks
4-ptb_word_lm1_host,WAIVE-LSTM_HOST,0,0,0,0,0,-1e-06,0,60.24016833305359,Full size networks
4-ptb_word_small1_host,PASS,0,0,0,0,0,-1e-06,0,29.071963787078857,Full size networks
4-ptb_word_small1_wave,WAIVE-LSTM,0,4403406,0,4403406,0,-1e-06,0,19.058337211608887,Full size networks using wave scheduler
4-ptb_word_small_sigmoid_2l_auto_waveopt,WAIVE-L_PART,0,0,0,0,0,-1e-06,0,16.146695852279663,Full size networks using wave scheduler
4-ptb_word_small_sigmoid_2l_b64_wave,WAIVE-LSTM_ME,0,13500828,0,13500828,0,-1e-06,0,19.14021944999695,Full size networks using wave scheduler
4-ptb_word_small_sigmoid_2l_wave,WAIVE-ME_HNWC,0,4340124,0,4340124,-1,-1.000001,0,164.40054559707642,Full size networks using wave scheduler
4-ptb_word_small_sigmoid_2l_waveopt,PASS,0,4340124,0,4340124,-2,-2.000001,0,198.48090410232544,Full size networks using wave scheduler
4-ptb_word_small_sigmoid_wave,WAIVE-ME_HNWC,0,2170062,0,2170062,-1,-1.000001,0,81.1292176246643,Full size networks using wave scheduler
4-rn50_matmul_fp32_wave,WAIVE-S10_BE_SOFTMAX,0,2358133,0,2358133,0,-1e-06,0,25.085127592086792,"Sprint 10 avgpool, reshape, matmult, softmax on wave backend, rest on host"
4-rn50_matmul_nosm_wave,PASS,0.002678098259618719,2355133,0.002678098259618719,2355133,879405,6.407506,137246.06734664002,63.124568939208984,Full size networks using wave scheduler
4-rn50_nne_fc,PASS,0,0,0,0,0,-1e-06,0,42.101091384887695,Full size networks
4-rn50_nne_from3_fp32_wave,PASS,0.18030841566470748,227599166,0.18838459466503785,237793541,1262277,166.93493800000002,7561.490812666189,338.5235118865967,Full size networks using wave scheduler
4-rn50_nne_from3_wave,PASS,0.19585094449378024,227599166,0.2046232875887184,237793541,1162104,210.227494,5527.840235778104,332.49089193344116,Full size networks using wave scheduler
5-rn50_nne_to_act13_wave-no_repl,PASS,1.411883515282864,2046893657,1.4712893490720194,2133017918,1449761,263.510602,5501.7179156988905,558.8345232009888,Full size networks using wave scheduler
5-rn50_nne_to_act13_wave-repl,PASS,2.83053605560142,2046893657,2.949632533910809,2133017918,723147,110.081924,6569.171156565178,397.5798466205597,Full size networks using wave scheduler
5-rn50_nne_to_act4_b4_wave,PASS,0.5265850330545719,2659484008,0.5468374049290001,2761767316,5050436,790.67883,6387.468347925795,1348.184636592865,Full size networks using wave scheduler
5-rn50_nne_to_act4_wave-no_repl,PASS,0.5181623412044692,664933897,0.5380888927679166,690504724,1283254,208.921494,6142.278496247016,377.5587258338928,Full size networks using wave scheduler
5-rn50_nne_to_act4_wave-no_repl-t1,PASS,0.2659334466736319,256062529,0.27652080317214367,266256904,962882,176.081177,5468.3982490644075,250.34378027915955,Full size networks using wave scheduler
5-rn50_nne_to_act4_wave-no_repl-t1_focus_to,PASS,0.2659334466736319,256062529,0.27652080317214367,266256904,962882,172.902231,5568.939130692883,254.35384941101074,Full size networks using wave scheduler
5-rn50_nne_to_act4_wave-no_repl-t2,PASS,0.4760022408555659,464137409,0.5022267397141139,489708236,975074,206.411955,4723.922119724121,334.4133200645447,Full size networks using wave scheduler
5-rn50_nne_to_act4_wave-no_repl-t3,PASS,0.4554777349894673,563470595,0.4761477441560814,589041422,1237098,237.762544,5203.081945489278,429.5397300720215,Full size networks using wave scheduler
5-rn50_nne_to_act4_wave-no_repl-t4,PASS,0.27603910019106015,330998209,0.2845407960476991,341192584,1199099,253.359657,4732.793745454115,394.4853916168213,Full size networks using wave scheduler
5-rn50_nne_to_act4_wave-no_repl-t5,PASS,0.5314651469660936,664159239,0.5519271123075101,689730066,1249676,282.443034,4424.524061726373,471.5881724357605,Full size networks using wave scheduler
5-rn50_nne_to_act4_wave-no_repl-t8,PASS,0.19508910244665284,226796349,0.20385825361475474,236990724,1162527,248.664942,4675.073979668594,389.537659406662,Full size networks using wave scheduler
5-rn50_nne_to_act4_wave-no_repl-t9,PASS,0.19439830008395498,225993467,0.2031674437088827,236187842,1162528,233.33579600000002,4982.210273472142,364.53752422332764,Full size networks using wave scheduler
5-rn50_nne_to_act4_wave-no_repl-t9_focus_to,PASS,0.19439830008395498,225993467,0.2031674437088827,236187842,1162528,216.7566,5363.287669210534,344.54557847976685,Full size networks using wave scheduler
5-rn50_nne_to_act4_wave-repl,PASS,1.1890211094580385,664933897,1.234746336020371,690504724,559228,49.031502,11405.483764295044,249.42753839492798,Full size networks using wave scheduler
6-alexnet,WAIVE-BENCH,0,0,0,0,0,-1e-06,0,9.012000799179077,Full size networks
6-rn50_nne_to_act22_wave-repl,PASS,2.9882923801498826,3273342602,3.1485330352961367,3448868453,1095389,203.548195,5381.472432118595,693.1825857162476,Full size networks using wave scheduler
6-rn50_nne_to_act25_wave-repl,PASS,2.3314001868671985,3812739226,2.4718660652592113,4042455157,1635386,206.76890600000002,7909.245309833965,859.2681972980499,Full size networks using wave scheduler
6-rn50_nne_to_act28_wave-repl,PASS,2.006050618228049,4197199527,2.141743435598656,4481105538,2092270,223.567709,9358.551864929654,954.2120945453644,Full size networks using wave scheduler
6-rn50_nne_to_act37_wave-repl,PASS,1.5439812127969748,5350580430,1.6728178787480048,5797056681,3465444,271.508972,12763.644510428921,1171.5765495300293,Full size networks using wave scheduler
6-rn50_nne_to_act40_wave,PASS,1.2315755101821688,5735040731,1.3390914670784058,6235707062,4656670,508.103461,9164.806692784956,1471.1458024978638,Full size networks using wave scheduler
6-rn50_nne_to_act43_wave,PASS,0.8803234627821445,6241207246,0.9638264374601093,6833216198,7089675,561.842869,12618.608139707476,1703.5342671871185,Full size networks using wave scheduler
6-rn50_nne_to_act46_wave-repl,PASS,0.803830885402598,6591457471,0.8871658840093145,7274809043,8200055,383.39367500000003,21388.081063152644,1649.394658088684,Full size networks using wave scheduler
7-rn50_fp16_multi_tpb_o_host,PASS,0,0,0,0,0,-1e-06,0,175.32111620903015,Full size networks
7-rn50_fp16_multi_tpb_w_host,PASS,0,0,0,0,0,-1e-06,0,115.13110661506653,Full size networks
7-rn50_nne_fc_wave,PASS,0.6464256569917729,6941808049,0.7185656813912448,7716502241,10738757,756.079372,14203.213839300459,2118.6749897003174,Full size networks using wave scheduler
7-rn50_nne_fp16_ap_wave,PASS,0.6950779246252923,6942008753,0.7726452182363707,7716702945,9987382,515.173427,19386.44634324278,1943.594203710556,Resnet50 up and including AvgPool after Act49. With replication.
7-rn50_nne_fp16_b4_wave,PASS,2.1316138570919243,27699659141,2.3700787228536213,30798435909,12994689,1172.287854,11084.896048065684,5249.5121014118195,Full size networks using wave scheduler
7-rn50_nne_fp16_b4_wave-fast_dram,PASS,8.846964205445007,27699659141,9.836679169358849,30798435909,3130979,1115.5609679999998,2806.640864831693,5231.437669992447,Full size networks using wave scheduler
7-rn50_nne_fp16_b4_wave-no_repl,PASS,1.740191880880955,27699659141,1.9348681454835903,30798435909,15917589,1704.6294639999999,9337.858658531319,5874.271898984909,Full size networks using wave scheduler
7-rn50_nne_fp16_b4_wave-two_banks,PASS,3.6098281767106917,27699659141,4.013661726918742,30798435909,7673401,1146.411809,6693.407150693439,5309.4385306835175,Full size networks using wave scheduler
7-rn50_nne_fp16_host,PASS,0,0,0,0,0,-1e-06,0,74.10108518600464,Full size networks
7-rn50_nne_fp16_wave,PASS,0.6411713042057927,6944062829,0.7127017176938318,7718757021,10830277,474.483856,22825.385654427828,2029.6222462654114,"Key functional test - Resnet50 except softmax, batch 1 with replication"
7-rn50_nne_fp16_wave-fast_dram,PASS,7.5977006101957505,6944062829,8.445316001965056,7718757021,913969,414.201406,2206.5811143093993,1968.5208730697632,"Key functional test - Resnet50 except softmax, batch 1 with replication"
7-rn50_nne_fp16_wave-no_repl,PASS,0.6007264735616131,6944062829,0.6677447770402758,7718757021,11559442,708.872208,16306.806600040949,2260.0240268707275,"Key qemu functional test - Resnet50 except softmax, batch 1 without replication (slow)"
7-rn50_nne_fp16_wave-two_banks,PASS,1.215931221535796,6944062829,1.351583055108117,7718757021,5710901,468.029357,12202.014498846916,1985.528979063034,"Key functional test - Resnet50 except softmax, batch 1 with replication"
7-rn50_nne_fp32_host,PASS,0,0,0,0,0,-1e-06,0,47.07549047470093,Full size networks
8-resnet50,WAIVE-BENCH,0,0,0,0,0,-1e-06,0,8.008949995040894,Full size networks
8-resnet50_fp16_keras,WAIVE-BENCH,0,0,0,0,0,-1e-06,0,12.01518201828003,Full size networks
8-resnet50_fp16_keras_opt,WAIVE-BENCH,0,0,0,0,0,-1e-06,0,8.00968313217163,Full size networks
8-resnet50_fp16_keras_opt_b16,WAIVE-BENCH,0,0,0,0,0,-1e-06,0,8.015142679214478,Full size networks
8-resnet50_fp16_wave,WAIVE-BENCH,0,0,0,0,0,-1e-06,0,7.015505790710449,Full size networks using wave scheduler
8-resnet50_fp16_wave_b2,WAIVE-BENCH,0,0,0,0,0,-1e-06,0,10.015931129455566,Full size networks using wave scheduler
8-resnet50_fp32_keras,WAIVE-BENCH,0,0,0,0,0,-1e-06,0,13.0182044506073,Full size networks
8-resnet50_fp32_keras_opt,WAIVE-BENCH,0,0,0,0,0,-1e-06,0,11.028235673904419,Full size networks
8-resnet50_fp32_wave,WAIVE-BENCH,0,0,0,0,0,-1e-06,0,8.020955801010132,Full size networks using wave scheduler
8-rn50_nne_auto,WAIVE-NNE,0,6959976569,0,7734670766,0,-1e-06,0,1468.0389850139618,Full size networks
8-rn50_nne_conv_wave,PASS,0.16455310491451822,6923292149,0.18296606983526367,7697986346,42073300,844.0815659999996,49845.06438089896,3715.042496204376,Sprint 9 Story 1 - all convolutions on Inkling other ops on host
8-rn50_nne_fp16_b16_wave,TIMEOUT,0,0,0,0,0,-1e-06,0,-1,"Key performance test - Resnet50 except softmax, batch 16 with replication"
8-rn50_nne_fp16_b16_wave-fast_dram,TIMEOUT,0,0,0,0,0,-1e-06,0,-1,"Key performance test - Resnet50 except softmax, batch 16 with replication"
8-rn50_nne_fp16_b16_wave-no_repl,TIMEOUT,0,0,0,0,0,-1e-06,0,-1,"Key performance test - Resnet50 except softmax, batch 16 with replication"
8-rn50_nne_fp16_b16_wave-two_banks,TIMEOUT,0,0,0,0,0,-1e-06,0,-1,"Key performance test - Resnet50 except softmax, batch 16 with replication"
8-rn50_nne_fp16_meauto,FAIL,0,6947536124,0,7722230321,0,-1e-06,0,1504.1293988227844,Full size networks
9-inceptionv3_wave_dog_sg00_tpb,WAIVE_INCEPTIONV3,0,3237117788,0,3331047580,0,-1e-06,0,64.17972540855408,Full size networks using wave scheduler
9-inceptionv3_wave_dog_sg00_tpb_upto_concat1,WAIVE_INCEPTIONV3,0,3764055772,0,3930228485,0,-1e-06,0,161.398859500885,Full size networks using wave scheduler
9-inceptionv3_wave_dog_sg00_tpb_upto_concat2,WAIVE_INCEPTIONV3,0,4384947688,0,4623957076,0,-1e-06,0,133.3421449661255,Full size networks using wave scheduler
9-resnet152,WAIVE_RN152,0,0,0,0,0,-1e-06,0,5.013584852218628,Full size networks
9-resnet152_waveopt,WAIVE_RN152,0,0,0,0,0,-1e-06,0,7.022150039672852,Full size networks using wave scheduler
